object,right ascension,declination,F0,F1,F2
J0058-7218,14.57,-72.30167,45.9404342787,-6.23241E-11,4.222E-21
